,Algorithm, Recall, Recall-95CI% 
0,EstNLTK,0.5875822776214716,"(0.5423782871699572, 0.6327862680729861)"
1,Kairit_I,0.6025960637963985,"(0.5576591752800651, 0.6475329523127319)"
2,Kairit_II,0.2761996164172543,"(0.23514190757483747, 0.31725732525967115)"
