,population,occurences,labelled,positive,occurence_ratio,detection_ratio,relative_frequency,file
0,A,30190,1000,81,0.15988518347870756,0.081,0.04301751568028634,amundsen_02/data/recall_sets/pos_terms_1000_A.csv
1,D,17890,1000,5,0.09474481392626957,0.005,0.0015735390991218632,amundsen_02/data/recall_sets/pos_terms_1000_D.csv
2,G,3611,1000,500,0.019123729630394604,0.5,0.031761037936998596,amundsen_02/data/recall_sets/pos_terms_1000_G.csv
3,H,72084,1000,669,0.38175434136731223,0.669,0.8483248510868213,amundsen_02/data/recall_sets/pos_terms_1000_H.csv
4,I,314,1000,14,0.001662933011338661,0.014,7.733122280312702e-05,amundsen_02/data/recall_sets/pos_terms_1000_I.csv
5,N,3949,1000,5,0.02091376580183558,0.005,0.0003473396256250553,amundsen_02/data/recall_sets/pos_terms_1000_N.csv
6,S,47721,1000,85,0.25272874596844663,0.085,0.07135520452410875,amundsen_02/data/recall_sets/pos_terms_1000_S.csv
7,Y,2163,1000,78,0.011455172304221413,0.078,0.002967893522294534,amundsen_02/data/recall_sets/pos_terms_1000_Y.csv
8,Z,10901,1000,3,0.05773131451147371,0.003,0.0005752873019405512,amundsen_02/data/recall_sets/pos_terms_1000_Z.csv
