,Recall,Recall-95CI%,correct,incorrect
EstNLTK-default-NER,0.5875822776214714,"(0.542378287169957, 0.6327862680729859)",344,191
Kairit-I-estnltk_words,0.7378266049169795,"(0.6974392663356724, 0.7782139434982865)",423,112
Kairit-I-bert_tokens,0.597255930126802,"(0.5522190204013548, 0.6422928398522492)",345,190
Kairit-II-estnltk_words,0.6212461225635655,"(0.5767026408929118, 0.6657896042342192)",321,214
Kairit-II-bert_tokens,0.27987202626926433,"(0.23864724524359443, 0.32109680729493423)",131,404
