,Recall,Recall-95CI%,correct,incorrect
EstNLTK-default-NER,0.5892016803782091,"(0.5442531601445354, 0.6341502006118828)",344,191
EstBertNER-v1-estnltk_words,0.7393959687879113,"(0.6992909997792455, 0.779500937796577)",423,112
EstBertNER-v1-bert_tokens,0.5986107200179038,"(0.5538265828949592, 0.6433948571408484)",345,190
EstBertNER-v2-estnltk_words,0.6205693492710501,"(0.576236009719034, 0.6649026888230662)",321,214
EstBertNER-v2-bert_tokens,0.27861353796148314,"(0.23765408170807967, 0.3195729942148866)",131,404
