,Recall,Recall-95CI%,correct,incorrect
EstNLTK-default-NER,0.5980766514609488,"(0.5653302008983152, 0.6308231020235824)",682,758
EstBertNER-v1-estnltk_words,0.767164079175562,"(0.7389358709815992, 0.7953922873695247)",1092,348
EstBertNER-v1-bert_tokens,0.6260053256866194,"(0.5936879628742688, 0.6583226884989699)",911,529
EstBertNER-v2-estnltk_words,0.5979319456741476,"(0.5651835632216582, 0.6306803281266371)",707,733
EstBertNER-v2-bert_tokens,0.23791781003324766,"(0.20947787670839105, 0.26635774335810425)",356,1084
