,Recall,Recall-95CI%,correct,incorrect
EstNLTK-default-NER,0.5863719147123075,"(0.5556871420680223, 0.6170566873565928)",775,910
EstBertNER-v1-estnltk_words,0.7641942790662142,"(0.7377452106929332, 0.7906433474394952)",1257,428
EstBertNER-v1-bert_tokens,0.6201637929998809,"(0.5899237291790453, 0.6504038568207164)",1048,637
EstBertNER-v2-estnltk_words,0.5963349602094155,"(0.565765552522316, 0.6269043678965149)",816,869
EstBertNER-v2-bert_tokens,0.23890777215371042,"(0.21233939043790626, 0.26547615386951456)",412,1273
